"Reference","Value","Footprint","Description","Manufacturer","DNP","Exclude from BOM","Exclude from Board","LCSC PN"
"HS1","Heatsink","BowelProbe:Heatsink","HEAT SINK, EXTRUSION, TO-220, 38","Same Sky","DNP","Excluded from BOM","",""
"J11","Conn_02x03_Odd_Even","BowelProbe:Dupont2x3","CONN HDR 6POS 0.1 GOLD PCB","Sullins Connector Solutions","DNP","Excluded from BOM","","C6148500"
"C6","4.7p","BowelProbe:Cap4.7pF","4.7pF 50V C0G 0402 Multilayer Ceramic Capacitors MLCC - SMD/SMT ROHS","Murata Electronics","","","","C161327"
"L1","SRF0703-4R7M","BowelProbe:Inductor4.7uReplacement","3.09A 3.78A 4.7uH 40.6mΩ ±20% SMD-4P,7.6x7.6mm Power Inductors ROHS","Bourns","","","","C7084454"
"C30","2.2n","BowelProbe:Cap2.2nF","2.2nF 50V X7R ±5% 0402 Multilayer Ceramic Capacitors MLCC - SMD/SMT ROHS","KEMET","","","","C2168449"
"C31","1n","BowelProbe:Cap1nF","1nF 50V X7R ±5% 0603 Multilayer Ceramic Capacitors MLCC - SMD/SMT ROHS","KEMET","","","","C2167183"
"C20","18p","BowelProbe:Cap18pF","18pF 50V C0G 0603 Multilayer Ceramic Capacitors MLCC - SMD/SMT ROHS","KEMET","","","","C2179138"
"C19","18p","BowelProbe:Cap18pF","18pF 50V C0G 0603 Multilayer Ceramic Capacitors MLCC - SMD/SMT ROHS","KEMET","","","","C2179138"
"C7","4.7u","BowelProbe:Cap4.7uF","16V 4.7uF X7R ±10% 0805 Multilayer Ceramic Capacitors MLCC - SMD/SMT ROHS","Murata Electronics","","","","C408144"
"C4","4.7u","BowelProbe:Cap4.7uF","16V 4.7uF X7R ±10% 0805 Multilayer Ceramic Capacitors MLCC - SMD/SMT ROHS","Murata Electronics","","","","C408144"
"C18","1u","BowelProbe:Cap1uF","16V 1uF X7R ±5% 0603 Multilayer Ceramic Capacitors MLCC - SMD/SMT ROHS","KYOCERA AVX","","","","C2177011"
"C17","1u","BowelProbe:Cap1uF","16V 1uF X7R ±5% 0603 Multilayer Ceramic Capacitors MLCC - SMD/SMT ROHS","KYOCERA AVX","","","","C2177011"
"C5","1u","BowelProbe:Cap1uF","16V 1uF X7R ±5% 0603 Multilayer Ceramic Capacitors MLCC - SMD/SMT ROHS","KYOCERA AVX","","","","C2177011"
"C3","1u","BowelProbe:Cap1uF","16V 1uF X7R ±5% 0603 Multilayer Ceramic Capacitors MLCC - SMD/SMT ROHS","KYOCERA AVX","","","","C2177011"
"C41","10u","BowelProbe:Cap10uF","10V 10uF X5R ±20% 0402 Multilayer Ceramic Capacitors MLCC - SMD/SMT ROHS","Murata Electronics","","","","C408132"
"C39","10u","BowelProbe:Cap10uF","10V 10uF X5R ±20% 0402 Multilayer Ceramic Capacitors MLCC - SMD/SMT ROHS","Murata Electronics","","","","C408132"
"C36","10u","BowelProbe:Cap10uF","10V 10uF X5R ±20% 0402 Multilayer Ceramic Capacitors MLCC - SMD/SMT ROHS","Murata Electronics","","","","C408132"
"C35","10u","BowelProbe:Cap10uF","10V 10uF X5R ±20% 0402 Multilayer Ceramic Capacitors MLCC - SMD/SMT ROHS","Murata Electronics","","","","C408132"
"C32","10u","BowelProbe:Cap10uF","10V 10uF X5R ±20% 0402 Multilayer Ceramic Capacitors MLCC - SMD/SMT ROHS","Murata Electronics","","","","C408132"
"C28","10u","BowelProbe:Cap10uF","10V 10uF X5R ±20% 0402 Multilayer Ceramic Capacitors MLCC - SMD/SMT ROHS","Murata Electronics","","","","C408132"
"C27","10u","BowelProbe:Cap10uF","10V 10uF X5R ±20% 0402 Multilayer Ceramic Capacitors MLCC - SMD/SMT ROHS","Murata Electronics","","","","C408132"
"C23","10u","BowelProbe:Cap10uF","10V 10uF X5R ±20% 0402 Multilayer Ceramic Capacitors MLCC - SMD/SMT ROHS","Murata Electronics","","","","C408132"
"C2","10u","BowelProbe:Cap10uF","10V 10uF X5R ±20% 0402 Multilayer Ceramic Capacitors MLCC - SMD/SMT ROHS","Murata Electronics","","","","C408132"
"L2","10u","BowelProbe:Inductor10uH","10mA 10uH 1Ω 30@2MHz 30MHz ±5% 0603 Inductors (SMD) ROHS","TDK","","","","C275361"
"C42","0.1u","BowelProbe:Cap0.1uF","100nF 16V X7S ±10% 0201 Multilayer Ceramic Capacitors MLCC - SMD/SMT ROHS","Murata Electronics","","","","C85923"
"C40","0.1u","BowelProbe:Cap0.1uF","100nF 16V X7S ±10% 0201 Multilayer Ceramic Capacitors MLCC - SMD/SMT ROHS","Murata Electronics","","","","C85923"
"C38","0.1u","BowelProbe:Cap0.1uF","100nF 16V X7S ±10% 0201 Multilayer Ceramic Capacitors MLCC - SMD/SMT ROHS","Murata Electronics","","","","C85923"
"C37","0.1u","BowelProbe:Cap0.1uF","100nF 16V X7S ±10% 0201 Multilayer Ceramic Capacitors MLCC - SMD/SMT ROHS","Murata Electronics","","","","C85923"
"C34","0.1u","BowelProbe:Cap0.1uF","100nF 16V X7S ±10% 0201 Multilayer Ceramic Capacitors MLCC - SMD/SMT ROHS","Murata Electronics","","","","C85923"
"C33","0.1u","BowelProbe:Cap0.1uF","100nF 16V X7S ±10% 0201 Multilayer Ceramic Capacitors MLCC - SMD/SMT ROHS","Murata Electronics","","","","C85923"
"C29","0.1u","BowelProbe:Cap0.1uF","100nF 16V X7S ±10% 0201 Multilayer Ceramic Capacitors MLCC - SMD/SMT ROHS","Murata Electronics","","","","C85923"
"C26","0.1u","BowelProbe:Cap0.1uF","100nF 16V X7S ±10% 0201 Multilayer Ceramic Capacitors MLCC - SMD/SMT ROHS","Murata Electronics","","","","C85923"
"C25","0.1u","BowelProbe:Cap0.1uF","100nF 16V X7S ±10% 0201 Multilayer Ceramic Capacitors MLCC - SMD/SMT ROHS","Murata Electronics","","","","C85923"
"C24","0.1u","BowelProbe:Cap0.1uF","100nF 16V X7S ±10% 0201 Multilayer Ceramic Capacitors MLCC - SMD/SMT ROHS","Murata Electronics","","","","C85923"
"C22","0.1u","BowelProbe:Cap0.1uF","100nF 16V X7S ±10% 0201 Multilayer Ceramic Capacitors MLCC - SMD/SMT ROHS","Murata Electronics","","","","C85923"
"C21","0.1u","BowelProbe:Cap0.1uF","100nF 16V X7S ±10% 0201 Multilayer Ceramic Capacitors MLCC - SMD/SMT ROHS","Murata Electronics","","","","C85923"
"C16","0.1u","BowelProbe:Cap0.1uF","100nF 16V X7S ±10% 0201 Multilayer Ceramic Capacitors MLCC - SMD/SMT ROHS","Murata Electronics","","","","C85923"
"C15","0.1u","BowelProbe:Cap0.1uF","100nF 16V X7S ±10% 0201 Multilayer Ceramic Capacitors MLCC - SMD/SMT ROHS","Murata Electronics","","","","C85923"
"C14","0.1u","BowelProbe:Cap0.1uF","100nF 16V X7S ±10% 0201 Multilayer Ceramic Capacitors MLCC - SMD/SMT ROHS","Murata Electronics","","","","C85923"
"C13","0.1u","BowelProbe:Cap0.1uF","100nF 16V X7S ±10% 0201 Multilayer Ceramic Capacitors MLCC - SMD/SMT ROHS","Murata Electronics","","","","C85923"
"C12","0.1u","BowelProbe:Cap0.1uF","100nF 16V X7S ±10% 0201 Multilayer Ceramic Capacitors MLCC - SMD/SMT ROHS","Murata Electronics","","","","C85923"
"C11","0.1u","BowelProbe:Cap0.1uF","100nF 16V X7S ±10% 0201 Multilayer Ceramic Capacitors MLCC - SMD/SMT ROHS","Murata Electronics","","","","C85923"
"C10","0.1u","BowelProbe:Cap0.1uF","100nF 16V X7S ±10% 0201 Multilayer Ceramic Capacitors MLCC - SMD/SMT ROHS","Murata Electronics","","","","C85923"
"C9","0.1u","BowelProbe:Cap0.1uF","100nF 16V X7S ±10% 0201 Multilayer Ceramic Capacitors MLCC - SMD/SMT ROHS","Murata Electronics","","","","C85923"
"C8","0.1u","BowelProbe:Cap0.1uF","100nF 16V X7S ±10% 0201 Multilayer Ceramic Capacitors MLCC - SMD/SMT ROHS","Murata Electronics","","","","C85923"
"C1","0.1u","BowelProbe:Cap0.1uF","100nF 16V X7S ±10% 0201 Multilayer Ceramic Capacitors MLCC - SMD/SMT ROHS","Murata Electronics","","","","C85923"
"D4","DiodeClamper","BowelProbe:DiodeClamper","1 Independent 1A 230mV@100mA 30V 500uA@30V 5A SC-76(SOD-323) Schottky Diodes ROHS","Toshiba Semiconductor and Storage","","","","C146335"
"D3","DiodeClamper","BowelProbe:DiodeClamper","1 Independent 1A 230mV@100mA 30V 500uA@30V 5A SC-76(SOD-323) Schottky Diodes ROHS","Toshiba Semiconductor and Storage","","","","C146335"
"D1","SchottkyDiode","BowelProbe:SchottkyReplacement","1 Independent 10A 1A 50uA@60V 60V 660mV@1A SOD-323F Schottky Diodes ROHS","Nexperia","","","","C406049"
"U1","L7805CV","BowelProbe:L7805CV","0℃~+125℃@(Tj) 1 1.5A 2V@(1A) 35V 5V 68dB@(120Hz) 8mA Fixed Over Current Protection、Over Temperature Protection、Short Circuit Protection Positive TO-220 Voltage Regulators - Linear, Low Drop Out (LDO) Regulators ROHS","STMicroelectronics","DNP","","","C111887"
"J4","Conn_01x08","BowelProbe:microSD","01x08 holes to fit wires","","DNP","Excluded from BOM","",""
"J3","Conn_01x08","BowelProbe:microSD","01x08 holes to fit wires","","DNP","Excluded from BOM","",""
"J13","Conn_01x01","BowelProbe:CT3149-5","01x01 hole to fit wire","","DNP","Excluded from BOM","",""
"J12","Conn_01x01","BowelProbe:CT3149-5","01x01 hole to fit wire","","DNP","Excluded from BOM","",""
"J10","Conn_01x01","BowelProbe:CT3149-0","01x01 hole to fit wire","","DNP","Excluded from BOM","",""
"J9","Conn_01x01","BowelProbe:CT3149-0","01x01 hole to fit wire","","DNP","Excluded from BOM","",""
"J8","Conn_01x01","BowelProbe:CT3149-0","01x01 hole to fit wire","","DNP","Excluded from BOM","",""
"J7","Conn_01x01","BowelProbe:CT3149-0","01x01 hole to fit wire","","DNP","Excluded from BOM","",""
"J6","Conn_01x01","BowelProbe:CT3149-0","01x01 hole to fit wire","","DNP","Excluded from BOM","",""
"J5","Conn_01x01","BowelProbe:CT3149-0","01x01 hole to fit wire","","DNP","Excluded from BOM","",""
"J2","Conn_01x01","BowelProbe:CT3149-2","01x01 hole to fit wire","","DNP","Excluded from BOM","",""
"J1","Conn_01x01","BowelProbe:CT3149-0","01x01 hole to fit wire","","DNP","Excluded from BOM","",""
"R10","47","BowelProbe:Resistor47","-55℃~+155℃ 47Ω 50V 62.5mW Thick Film Resistor ±1% ±100ppm/℃ 0402 Chip Resistor - Surface Mount ROHS","YAGEO","","","","C137973"
"R9","47","BowelProbe:Resistor47","-55℃~+155℃ 47Ω 50V 62.5mW Thick Film Resistor ±1% ±100ppm/℃ 0402 Chip Resistor - Surface Mount ROHS","YAGEO","","","","C137973"
"R8","47","BowelProbe:Resistor47","-55℃~+155℃ 47Ω 50V 62.5mW Thick Film Resistor ±1% ±100ppm/℃ 0402 Chip Resistor - Surface Mount ROHS","YAGEO","","","","C137973"
"R7","47","BowelProbe:Resistor47","-55℃~+155℃ 47Ω 50V 62.5mW Thick Film Resistor ±1% ±100ppm/℃ 0402 Chip Resistor - Surface Mount ROHS","YAGEO","","","","C137973"
"R13","6.8k","BowelProbe:Resistor6.8k","-55℃~+155℃ 200V 250mW 6.8kΩ Thick Film Resistor ±1% ±100ppm/℃ 1206 Chip Resistor - Surface Mount ROHS","YAGEO","","","","C246053"
"R12","6.8k","BowelProbe:Resistor6.8k","-55℃~+155℃ 200V 250mW 6.8kΩ Thick Film Resistor ±1% ±100ppm/℃ 1206 Chip Resistor - Surface Mount ROHS","YAGEO","","","","C246053"
"R14","30k","BowelProbe:Resistor30k","-55℃~+155℃ 200V 250mW 30kΩ Thick Film Resistor ±1% ±100ppm/℃ 1206 Chip Resistor - Surface Mount ROHS","YAGEO","","","","C137314"
"R17","300k","BowelProbe:Resistor300k","-55℃~+155℃ 200V 250mW 300kΩ Thick Film Resistor ±1% ±100ppm/℃ 1206 Chip Resistor - Surface Mount ROHS","YAGEO","","","","C191172"
"R3","1M","BowelProbe:Resistor1M","-55℃~+155℃ 1MΩ 200V 250mW Thick Film Resistor ±1% ±100ppm/℃ 1206 Chip Resistor - Surface Mount ROHS","YAGEO","","","","C108083"
"R2","71.5k","BowelProbe:Resistor71.5k","-55℃~+155℃ 125mW 150V 71.5kΩ Thick Film Resistor ±1% ±100ppm/℃ 0805 Chip Resistor - Surface Mount ROHS","YAGEO","","","","C276313"
"R18","1k","BowelProbe:Resistor1k","-55℃~+155℃ 125mW 150V 1kΩ Thick Film Resistor ±1% ±100ppm/℃ 0805 Chip Resistor - Surface Mount ROHS","Vishay Dale","","","","C844939"
"R1","1k","BowelProbe:Resistor1k","-55℃~+155℃ 125mW 150V 1kΩ Thick Film Resistor ±1% ±100ppm/℃ 0805 Chip Resistor - Surface Mount ROHS","Vishay Dale","","","","C844939"
"R16","100","BowelProbe:Resistor100","-55℃~+155℃ 100Ω 250mW Thick Film Resistor ±1% ±100ppm/℃ 0603 Chip Resistor - Surface Mount ROHS","Vishay Dale","","","","C3995643"
"R11","10k","BowelProbe:Resistor10k","-55℃~+155℃ 100mW 10kΩ 75V Thick Film Resistor ±1% ±100ppm/℃ 0603 Chip Resistor - Surface Mount ROHS","YAGEO","","","","C98220"
"R6","10k","BowelProbe:Resistor10k","-55℃~+155℃ 100mW 10kΩ 75V Thick Film Resistor ±1% ±100ppm/℃ 0603 Chip Resistor - Surface Mount ROHS","YAGEO","","","","C98220"
"R5","10k","BowelProbe:Resistor10k","-55℃~+155℃ 100mW 10kΩ 75V Thick Film Resistor ±1% ±100ppm/℃ 0603 Chip Resistor - Surface Mount ROHS","YAGEO","","","","C98220"
"R4","10k","BowelProbe:Resistor10k","-55℃~+155℃ 100mW 10kΩ 75V Thick Film Resistor ±1% ±100ppm/℃ 0603 Chip Resistor - Surface Mount ROHS","YAGEO","","","","C98220"
"R15","1.8k","BowelProbe:Resistor1.8k","-55℃~+155℃ 1.8kΩ 200V 250mW Thick Film Resistor ±1% ±100ppm/℃ 1206 Chip Resistor - Surface Mount ROHS","YAGEO","","","","C137372"
"D2","DiodeLowLeak","BowelProbe:DiodeLowLeak","-55℃~+150℃ 1.25V@150mA 215mA 5nA@75V 85V Independent SOT-23 Diodes - General Purpose ROHS","Diodes Incorporated","","","","C151331"
"XTAL1","TSX-3225 16.0000MF18X-AC3","BowelProbe:Crystal16MHz","-40℃~+85℃ 16MHz 60Ω 9pF ±10ppm ±18ppm SMD3225-4P Crystals ROHS","EPSON","","","","C1986974"
"U3","ATmega328P","BowelProbe:ATmega328P","-40℃~+85℃ 1.8V~5.5V 10bit 1KB 20MHz 23 2KB 32KB 8 Bit AVR Built-in FLASH VQFN-32(5x5) Microcontrollers (MCU/MPU/SOC) ROHS","Microchip Technology","","","","C2651951"
"U2","LT8330","BowelProbe:LT8330","-40℃~+125℃@(TJ) 1 1A 2MHz 3V~40V 6uA Adjustable Boost Boost、SEPIC、Inverting Built-in DFN-8(2x3) DC-DC Converters ROHS","Analog Devices Inc.","","","","C673746"
"U8","MCP6002T-E/MC","BowelProbe:MCP6002smd","-40℃~+125℃ 1.8V~6V 100uA 1MHz 1pA 1pA 2 23mA 28nV/√Hz@1kHz 2uV/℃ 4.5mV 600V/ms 6V 76dB Rail-to-Rail Input, Rail-to-Rail Output DFN-8-EP(2x3) Operational Amplifier ROHS","Microchip Technology","","","","C623660"
"U4","AD9833BRMZ","BowelProbe:AD9833","-40℃~+105℃ 10 2.3V~5.5V 25MHz MSOP-10 Direct Digital Synthesis (DDS) ROHS","Analog Devices Inc.","","","","C1519069"
"U5","Buffer","BowelProbe:Buffer","-2.75V~-1.25V、1.25V~2.75V -40℃~+125℃ 1 1.7V/us 100dB 10pA 1MHz 1uV/℃ 2.5V~5.5V 30nV/√Hz@1kHz 3pA 40mA 4mV 70uA 9V Rail-to-Rail Output SC-70-5 Operational Amplifier ROHS","Texas Instruments","","","","C484731"
"U6","OPA2134UA/2K5","BowelProbe:OPA2134smd","-18V~-2.5V、2.5V~18V -40℃~+85℃ 0.00008% 106dB 2-Channel 5mA SOIC-8 Audio Amplifiers ROHS","Texas Instruments","","","","C87361"
"U7","TL072ACDR","BowelProbe:TL072smd","-15V~15V 0℃~+70℃ 1.4mA 13V/us 18nV/√Hz@1kHz 18uV/℃ 2 30V 3MHz 3mV 5pA 65pA 70dB SOIC-8 FET Input Amplifiers ROHS","Texas Instruments","","","","C163525"
